<?xml version="1.0"?>
<config xmlns:xsi="http://www.w3.org/2001/XMLSchema-instance"
        xsi:noNamespaceSchemaLocation="urn:magento:module:Magento_Config:etc/system_file.xsd">
    <system>
        <tab id="vdcstore" translate="label" sortOrder="0">
            <label>Vdcstore</label>
        </tab>
        <section id="newsletters" translate="label" type="text" sortOrder="320" showInDefault="1" showInWebsite="1"
                 showInStore="1">
            <label>NewsLetter Popup</label>
            <tab>vdcstore</tab>
            <resource>Vdcstore_NewsletterPopup::vdcstore_newsletter_config</resource>
            <group id="general" translate="label" type="text" sortOrder="10" showInDefault="1" showInWebsite="1"
                   showInStore="1">
                <label>Configuration</label>
                <field id="enable" translate="label" type="select" sortOrder="1" showInDefault="1" showInWebsite="0"
                       showInStore="1">
                    <label>NewsLetter Popup Display?</label>
                    <source_model>Magento\Config\Model\Config\Source\Yesno</source_model>
                </field>
            </group>
            <group id="what_to_show" translate="label" type="text" sortOrder="15" showInDefault="1" showInWebsite="1"
                   showInStore="1">
                <label>What To Show</label>
                <field id="content" translate="label" sortOrder="8" type="editor" showInDefault="1" showInWebsite="0"
                       showInStore="0">
                    <label>Content</label>
                    <depends>
                        <field id="newsletters/general/enable">1</field>
                    </depends>
                    <validate>required-entry</validate>
                </field>
                <field id="text_color" translate="label" sortOrder="8" type="text" showInDefault="1"
                       showInWebsite="0" showInStore="0">
                    <label>Text Color</label>
                    <depends>
                        <field id="newsletters/general/enable">1</field>
                    </depends>
                    <validate>required-entry</validate>
                    <frontend_model>Vdcstore\NewsletterPopup\Block\Colorpicker</frontend_model>
                </field>
                <field id="image_height" type="text" translate="label comment" sortOrder="20" showInDefault="1"
                       showInWebsite="1" showInStore="0">
                    <label>Image Height(in %)</label>
                    <depends>
                        <field id="newsletters/general/enable">1</field>
                    </depends>
                    <validate>required-entry</validate>
                </field>
                <field id="image_width" type="text" translate="label comment" sortOrder="20" showInDefault="1"
                       showInWebsite="1" showInStore="0">
                    <label>Image Width(in %)</label>
                    <depends>
                        <field id="newsletters/general/enable">1</field>
                    </depends>
                    <validate>required-entry</validate>
                </field>
                <field id="button_title" translate="label" sortOrder="8" type="text" showInDefault="1" showInWebsite="0"
                       showInStore="0">
                    <label>Button Title</label>
                    <depends>
                        <field id="newsletters/general/enable">1</field>
                    </depends>
                    <validate>required-entry</validate>
                </field>
                <field id="popup_title" translate="label" sortOrder="8" type="text" showInDefault="1" showInWebsite="0"
                       showInStore="0">
                    <label>Popup Titile</label>
                    <depends>
                        <field id="newsletters/general/enable">1</field>
                    </depends>
                    <validate>required-entry</validate>
                </field>
                <field id="popup_height" type="text" translate="label comment" sortOrder="20" showInDefault="1"
                       showInWebsite="1" showInStore="0">
                    <label>Popup Height(in %)</label>
                    <depends>
                        <field id="newsletters/general/enable">1</field>
                    </depends>
                    <validate>required-entry</validate>
                </field>
                <field id="popup_width" type="text" translate="label comment" sortOrder="20" showInDefault="1"
                       showInWebsite="1" showInStore="0">
                    <label>Popup Width(in %)</label>
                    <depends>
                        <field id="newsletters/general/enable">1</field>
                    </depends>
                    <validate>required-entry</validate>
                </field>
                <field id="background_color" translate="label" sortOrder="8" type="text" showInDefault="1"
                       showInWebsite="0" showInStore="0">
                    <label>Background Color</label>
                    <depends>
                        <field id="newsletters/general/enable">1</field>
                    </depends>
                    <validate>required-entry</validate>
                    <frontend_model>Vdcstore\NewsletterPopup\Block\Colorpicker</frontend_model>
                </field>
                <field id="button_color" translate="label" sortOrder="8" type="text" showInDefault="1" showInWebsite="0"
                       showInStore="0">
                    <label>Button Color</label>
                    <depends>
                        <field id="newsletters/general/enable">1</field>
                    </depends>
                    <validate>required-entry</validate>
                    <frontend_model>Vdcstore\NewsletterPopup\Block\Colorpicker</frontend_model>
                </field>
                <field id="image_upload" translate="label" type="image" sortOrder="10" showInDefault="1"
                       showInWebsite="1" showInStore="1">
                    <label>Image Upload</label>
                    <!-- Backend model which saves uploaded files on a defined directory path -->
                    <backend_model>Vdcstore\NewsletterPopup\Model\Config\Backend\Image</backend_model>
                    <upload_dir config="system/filesystem/media" scope_info="1">blog/post</upload_dir>
                    <base_url type="media" scope_info="1">blog/post</base_url>
                    <depends>
                        <field id="newsletters/general/enable">1</field>
                    </depends>
                    <!-- Comment about allowed extensions of uploaded files which are defined in the backend model -->
                    <comment><![CDATA[Allowed file types: jpg, jpeg, gif, png, svg]]></comment>
                </field>
                <depends>
                    <field id="newsletters/general/enable">1</field>
                </depends>
            </group>
        </section>
    </system>
</config>
